word,cnt_word
000,7
03,1
10,16
100,7
101,1
102,2
1029,1
104,1
10580,1
107,1
108,2
109,1
11,7
1109,1
113,1
116,2
119,1
11th,5
12,21
121,1
125,1
128,1
128th,1
129,1
12th,1
13,2
138,2
13th,1
14,6
1483,1
15,2
1525,1
1553,1
1557,1
157,1
16,2
1687,1
1692,1
17,4
170,1
1720,1
1726,1
1870,1
19,6
1913,2
1930s,1
1934,1
1935,3
1937,1
1938,1
1940,1
1940s,1
1944,1
195,1
1950,1
1950s,2
1951,2
1959,2
1960,1
1960s,6
1965,1
1966,1
1967,4
1969,2
1970,3
1970s,4
1977,2
1980s,5
1981,1
1982,1
1983,1
1985,1
1987,3
1990s,8
1991,1
1992,1
1993,2
1994,1
1995,3
1996,1
1997,2
1998,1
1999,5
19th,1
20,13
200,1
2000,7
2000s,6
2001,2
2002,2
2003,1
2004,4
2005,6
2006,5
2007,8
2008,7
2009,5
2010,3
2011,8
2012,10
2013,11
2014,13
2015,18
2016,9
2017,15
2018,10
2019,9
2020,1
2021,2
2023,1
2066,1
20th,3
21,2
210,1
214,1
21646180,1
219,1
22,6
221,2
233,2
23407,1
24,2
24891,1
24x7,1
25,6
250,1
25148,1
255,1
26,4
267,1
27,3
273,2
288,1
29,4
30,3
300,3
31,3
32,7
333,1
34,2
341,2
35,3
356,1
357,1
36,2
37,5
379,1
39,2
398,1
3b,1
3s,1
406,1
411,1
42,1
43,2
45,1
47,2
473,1
48,6
49,2
4s,1
50,7
500,1
51,3
518,1
52,1
54,1
547,1
54th,1
55,2
56,3
57,1
5700,1
59,2
60,1
607,1
60th,1
61,2
61st,1
623,1
63,5
66,3
68,2
70,4
700,1
707,1
71,3
7250,1
75,3
771,1
79,1
80,2
82,1
824,1
825,1
829,2
83,2
837,2
85,1
86,1
87th,1
88,4
89,1
90,6
91,1
92,1
936,3
95,3
96,2
97,2
98,1
99,1
aaronson,1
aaronson_web,1
ability,17
able,20
abreast,1
abroad,6
abruptly,3
absence,1
absolute,1
absolutely,1
absorb,2
absorber,1
absorbing,3
academia,1
academic,2
academics,3
academy,1
accelerated,4
acceleration,3
accept,1
acceptance,1
accepted,2
access,12
accessible,2
accommodate,1
accommodation,11
accommodative,11
accompanied,1
accompany,1
accomplish,4
accomplished,4
accomplishments,1
accord,2
according,1
accordingly,3
account,17
accountability,16
accountable,13
accounted,2
accounts,4
accumulation,1
accurate,1
accurately,2
achieve,29
achieved,5
achieves,2
achieving,13
acknowledge,3
acknowledged,2
acknowledges,1
acquire,1
acquired,2
acquisition,1
acronyms,1
act,24
acted,3
acting,2
action,4
actions,22
activate,1
active,3
actively,7
activities,9
activity,21
acts,2
actual,10
actually,7
acute,2
adam,1
adapt,5
adapted,1
add,8
added,3
adding,6
addition,33
additional,12
address,31
addressed,3
addresses,2
addressing,12
adept,1
adequate,6
adjust,3
adjusted,3
adjusting,2
adjustment,3
adjustments,7
administered,2
administration,3
admittedly,1
adopt,3
adopted,8
adopting,1
adoption,3
adrian,1
advance,7
advanced,19
advancement,1
advancements,1
advances,6
advancing,1
advantage,4
advantageous,1
adverse,9
advice,3
advised,1
advisory,1
advocate,1
aei,1
affairs,3
affect,13
affected,9
affecting,6
affects,4
affiliated,1
affordable,5
african,1
aftermath,6
afternoon,4
age,14
agencies,17
agency,3
agenda,4
agent,2
aggregate,6
aggregators,2
aggressive,1
aggressively,1
aging,3
ago,24
agree,4
agreeing,1
agreement,8
agreements,5
agriculture,2
ahead,16
ahmed,3
aid,1
aided,1
aig,2
aim,7
aimed,1
aims,1
air,1
akin,3
alan,5
alarming,2
albeit,2
alec,1
alert,3
alexander,2
alfaro,1
align,2
aligned,1
alignment,1
alike,3
alleviated,1
allocation,2
allow,16
allowed,1
allowing,6
allows,6
alteration,1
altered,1
altering,1
alternative,7
alternatives,1
america,2
american,33
americans,20
amico,1
amid,4
amir,1
aml,1
amounts,5
ample,4
amplification,1
amplify,5
amply,1
amsterdam,1
analysis,14
analyst,1
analysts,2
analytical,1
analytics,1
analyze,3
analyzing,3
anchored,16
anchoring,1
andrei,2
andrew,5
angeles,2
angles,1
anna,1
anne,1
announce,2
announced,2
announcement,1
announcements,1
annual,19
annualized,2
annually,3
anomalous,1
anomaly,1
answer,7
answering,2
answers,4
anti,1
anticipate,3
anticipated,3
anticipation,1
antipoverty,1
antiquated,1
anusha,1
apace,1
apparent,4
apparently,1
appeal,3
appear,12
appearances,1
appeared,3
appears,10
appetite,3
appetites,1
applauding,1
apples,1
applicability,1
applicable,2
applicant,4
application,3
applied,2
applies,1
apply,7
applying,2
appointed,2
appointment,2
appraisal,2
appreciably,1
appreciate,4
appreciated,1
appreciation,1
approach,45
approached,1
approaches,11
appropriate,48
appropriately,6
approval,1
approve,1
approving,1
april,16
aptitudes,1
arab,1
arbitrage,1
architecture,3
area,8
areas,29
aren,1
arguably,1
argue,11
argued,2
argues,1
ariccia,1
ariel,2
arise,5
arisen,1
arises,2
arising,1
arkansas,2
arranged,3
arrangement,1
arrangements,4
array,3
arrc,19
arrival,1
arrive,2
arriving,2
arrows,2
articulated,1
artifact,1
asia,8
asian,13
asias,1
aside,1
asis,1
ask,7
asked,6
asking,7
aspect,2
aspects,10
aspirations,2
assembly,1
assess,17
assessed,3
assessing,11
assessment,9
assessments,9
asset,16
assets,22
assigned,9
assignment,1
assistance,3
associate,1
associated,17
association,5
assume,1
assumptions,1
assure,5
assured,1
assuring,4
astrology,1
asymmetric,1
asymmetry,1
athanasios,2
athukorala,1
atif,1
atlanta,2
atm,1
atms,1
attacks,2
attain,1
attainment,1
attempt,4
attempted,2
attempting,2
attempts,1
attend,2
attendance,1
attending,2
attends,1
attention,12
attentive,1
attract,2
attracting,3
attractive,1
attracts,1
attributable,1
attributed,1
attributes,3
auction,1
audience,3
audit,2
augmented,1
august,4
auspices,2
authenticate,3
authentication,1
authorities,17
authority,6
authorized,3
authors,5
auto,1
automated,1
automatic,1
automobiles,1
availability,7
available,16
avenue,1
average,14
averaged,5
averages,3
averaging,1
aversion,2
avert,2
averting,1
avinash,1
avisha,1
avoid,14
avoided,3
avoiding,2
avoids,1
await,1
award,4
awards,2
aware,8
awareness,2
away,12
awe,1
awesome,1
baby,4
backdrop,3
backed,3
background,2
backgrounds,1
backing,4
backstop,2
bad,4
bailey,3
bailout,1
bailouts,1
baird,1
balance,42
balanced,6
balances,3
balancing,4
ballpark,1
bank,88
bankers,7
banking,66
bankruptcies,2
banks,200
banque,3
bar,5
barely,1
barrels,1
barriers,2
barro,1
bars,1
based,43
baseline,9
bases,1
basic,4
basis,21
battle,1
bayliss,1
bcbs,1
bear,8
bearing,3
bears,2
began,22
begin,14
beginning,9
beginnings,1
begins,1
begun,3
behalf,4
behave,1
behaved,1
behavior,5
bekaert,1
believe,31
beltway,1
ben,4
bena,2
benchmark,10
benchmarks,2
bends,1
beneficiaries,1
benefit,19
benefited,1
benefiting,3
benefits,28
benign,1
benjamin,1
bernanke,6
best,42
bests,1
bet,1
beth,1
better,49
bettering,1
beware,1
biennial,2
big,10
bigger,1
biggest,1
bilateral,1
billion,10
bills,3
binding,1
biometrics,1
bipartisan,1
birth,2
bit,13
bitcoin,2
bitcoins,1
blackwell,1
blame,1
blanchard,1
blending,1
blessed,1
blessing,1
blinder,2
blips,1
blockchain,1
blocks,1
blow,2
bls,3
blue,2
blueprint,1
blues,3
bnym,5
board,52
boards,23
bodies,1
body,4
boiling,1
bolster,1
bolstered,1
bond,4
bonds,4
book,2
books,1
boom,8
boomers,3
booming,1
booms,2
boost,4
boosted,1
boosting,2
border,10
bordo,2
born,1
borrow,2
borrowed,2
borrowers,12
borrowing,13
bounce,1
bounced,1
bound,15
boundaries,1
bouts,3
bowman,2
box,2
brainard,4
branch,1
branches,2
brass,1
brave,2
brazil,3
breadth,3
break,1
breakevens,2
breaking,2
bretton,2
brexit,12
brian,1
bridge,2
brief,4
briefing,1
briefly,9
brightened,1
brighter,1
bring,14
bringing,5
brings,7
british,1
broad,37
broader,11
broadest,1
broadly,29
broke,1
broker,5
brokering,1
brokers,1
brookings,2
brothers,2
brought,8
brown,1
bruno,1
brunt,1
brynjolfsson,1
bsa,1
bubble,5
budged,2
budget,1
buffers,1
build,16
building,9
builds,2
buildup,7
built,5
bundled,1
burden,13
burdens,5
burdensome,3
bureau,5
buried,1
business,94
businesses,60
bust,3
busts,1
buttons,1
bystanders,1
cacophony,1
calculation,2
calendar,1
calibrated,2
calibration,1
calibrations,1
california,1
called,9
calling,1
calls,6
calm,1
cambridge,3
came,3
campus,1
candid,1
candidates,1
capabilities,5
capability,2
capable,2
capacity,11
capital,59
capitalization,1
capitalize,1
capitalized,2
caption,1
capture,3
captures,2
card,1
cards,1
care,11
career,4
careers,4
careful,5
carefully,16
cares,2
carnegie,1
carries,2
carry,6
carrying,1
cascades,1
case,27
cases,12
cash,24
catalyst,1
catastrophic,1
categories,6
category,4
cater,1
caught,1
cause,8
caused,3
causes,4
causing,2
cautionary,1
cautiously,1
cavallo,1
ccar,2
ccp,18
ccps,29
ccr,2
cdos,2
ceded,1
ceiling,1
ceilings,1
celebrate,2
center,6
centered,2
central,85
centralized,1
centrally,2
centric,1
centuries,3
century,16
certain,8
certainly,9
certainty,2
cessation,1
cftc,3
chad,1
chains,3
chair,16
chaired,2
chairing,1
chairman,8
challenge,15
challenged,1
challenges,50
challenging,22
chance,4
chances,1
chandelier,1
chandra,1
change,37
changed,11
changes,64
changing,16
channel,5
channeling,1
channels,5
chapter,1
chapters,2
character,1
characteristics,6
characterizations,1
characterized,1
charged,4
chari,1
charles,1
charter,1
chartered,2
chartering,1
charting,1
charts,2
chase,1
check,4
checking,1
checklist,2
checks,1
checkup,1
chest,1
chetty,2
chicago,13
children,3
china,20
chinese,7
chip,1
choice,6
choices,1
choking,1
choose,2
chooses,1
choosing,2
chose,2
chosen,5
chris,1
christina,1
christine,1
circle,2
circulating,1
circumstance,1
circumstances,10
cisneros,1
cities,1
citizens,5
city,6
civic,1
civil,3
clarifies,1
clarify,2
clarity,2
clarksdale,5
class,9
classes,2
classified,1
classroom,1
clean,1
clear,25
cleared,7
clearer,3
clearest,1
clearing,30
clearly,19
clears,1
cleveland,3
clients,2
cliff,1
clip,1
clo,2
clock,1
clos,4
close,30
closed,3
closely,11
closer,8
closing,3
closure,2
cloud,1
club,3
clustered,1
coalescing,1
coalition,1
coast,1
codes,1
coherent,2
coincidence,1
collaborate,1
collaborating,1
collaboration,2
collaborative,2
collapse,6
collateral,7
collateralized,3
colleague,2
colleagues,33
collect,2
collected,1
collecting,3
collection,1
collective,7
collectively,4
college,14
colleges,2
collis,1
color,1
column,1
com,2
combat,2
combination,3
combine,1
combined,6
come,18
comes,9
comfort,1
comfortable,2
coming,7
commend,2
commending,1
commensurate,1
comment,3
commentary,3
commentators,2
comments,6
commerce,4
commercial,7
commission,7
commissioned,1
commissions,1
commitment,8
committed,18
committee,85
commodities,1
commodity,4
common,8
communicate,3
communicated,2
communicating,2
communication,17
communications,31
communities,54
community,99
companies,8
company,2
comparable,1
compare,2
compared,3
comparing,1
comparison,3
compel,2
compensated,1
compensation,3
compete,2
competing,2
competition,12
competitive,1
competitors,1
complacent,1
complaining,1
complement,3
complementary,2
complements,1
complete,4
completed,2
completely,3
completion,1
complex,13
complexity,3
compliance,5
complicate,2
complicated,4
complicates,1
complications,3
comply,2
component,2
components,1
composed,1
composition,3
compounded,1
comprehensive,9
compromise,5
comptroller,3
computational,1
computer,1
computing,1
conceivably,1
conceiving,1
concentrated,7
concentration,1
concept,2
concepts,1
conceptual,2
concern,7
concerned,6
concerning,1
concerns,14
conclude,13
concluded,2
concluding,2
conclusion,16
conclusionas,1
conclusions,8
concrete,1
condition,4
conditions,64
conduct,11
conducted,1
conducting,20
conference,30
conferences,3
conferred,1
confidence,16
confident,6
confine,1
confirm,2
confirmed,1
confirms,1
conflicting,1
confront,2
confronted,1
confronting,3
confronts,1
confused,1
confusion,3
congratulations,1
congress,35
congressional,2
conjunction,2
conjured,1
connect,1
connected,2
connection,4
connectivity,1
connor,1
cons,1
consecutive,3
consensus,16
consent,2
consequences,7
consequently,3
consider,19
considerable,5
considerably,2
consideration,3
considerations,7
considered,7
considering,12
consigned,1
consistency,1
consistent,19
consistently,8
consisting,1
consolidation,1
constant,5
constantly,3
constituency,2
constitution,1
constitutional,1
constrained,2
constraints,1
constructed,1
constructive,1
consultation,2
consumer,25
consumers,20
consumption,9
contact,1
contacts,4
contain,3
contained,2
contemplating,1
content,3
context,18
conti,1
contingencies,1
contingency,3
continually,1
continue,70
continued,36
continues,17
continuing,8
continuity,2
continuous,1
contract,1
contraction,1
contractionary,1
contractions,2
contracts,6
contractual,1
contrary,1
contrast,7
contribute,11
contributed,8
contributing,6
contribution,3
contributions,7
control,14
controlling,2
controls,1
convene,1
convened,1
convenience,6
convenient,7
convening,1
conventional,4
conversation,4
conversations,5
convert,4
converted,1
conveys,1
convincing,2
cooperate,1
cooperation,8
cooperative,2
coordinate,4
coordinated,5
coordination,2
coping,2
core,20
coronavirus,5
corporate,7
corporates,2
corporation,8
corporations,1
corrections,1
cosponsored,1
cost,17
costly,3
costs,15
council,9
counseling,1
count,1
counted,3
counter,5
counterfeiting,1
countering,1
counterintuitive,1
counterparties,3
counterparts,2
counterparty,4
countless,2
countries,11
country,34
county,1
couple,1
coupled,1
courage,1
course,35
cover,5
coverage,1
covering,3
covers,1
covid,5
covitz,1
cpmi,5
cra,12
cracks,1
crash,1
create,14
created,10
creating,13
creation,8
creative,3
creatively,1
creativity,1
credibility,3
credible,2
credit,63
creditor,1
creditworthy,2
criminal,1
crises,8
crisis,152
criteria,8
critical,22
criticality,1
critically,2
criticism,2
criticizing,1
critics,1
critique,1
critiques,1
cross,13
crosscurrents,4
crowded,1
crown,1
crs,1
crucial,5
cruelty,1
cryptography,2
crystal,1
culture,1
cumbersome,1
cunliffe,2
currencies,5
currency,19
current,59
currently,17
currents,1
curve,14
customarily,1
customer,3
customers,11
cut,4
cutting,3
cyber,5
cycle,10
cycles,3
cyclical,2
daan,1
daily,7
dale,1
daly,1
damage,14
damaged,4
damper,1
damping,1
dangerous,1
dangers,1
daniel,2
dare,1
darras,1
data,74
date,5
daughter,1
daunting,1
dave,1
david,15
day,19
days,4
dead,2
deal,10
dealer,1
dealers,5
dealing,1
dealt,1
death,2
debate,2
debated,1
debates,1
debit,1
debt,43
debts,1
decade,20
decades,20
deceleration,1
december,8
decentralized,1
decide,1
decided,1
deciding,1
decision,5
decisionmaking,5
decisions,35
decisively,1
decline,35
declined,11
declines,5
declining,10
decrease,2
dedicated,6
dedication,3
deep,9
deepest,2
deeply,6
default,14
defaulting,4
defaults,3
defend,1
deficits,1
defined,2
definition,3
definitive,3
deflation,1
degree,12
delayed,1
deliberations,5
deliver,4
delivered,2
deliveries,1
delivering,2
delivery,5
dell,1
delta,6
demand,28
demanding,1
demands,7
demise,1
democracies,1
democracy,1
democratic,6
demographic,2
demographics,3
demonstrate,4
demonstrated,2
demonstrates,1
den,1
denied,1
denominated,3
density,1
department,11
depend,8
dependable,2
dependence,3
dependent,6
depending,1
depends,6
deployed,5
deploying,2
deployment,1
deployments,1
deposit,9
deposited,1
depositor,1
depositors,1
depository,4
deposits,5
depress,1
depressing,1
depression,7
depth,3
depths,2
derail,1
derivative,4
derivatives,15
described,2
describes,2
describing,1
description,1
deserve,2
deserving,1
design,4
designed,12
designing,3
designs,2
desirable,4
desire,2
desired,10
despite,11
destabilizing,6
destined,1
destruction,1
detailed,3
details,2
detect,3
deteriorate,2
deteriorates,1
deteriorating,1
determinant,2
determinants,4
determination,1
determine,4
determined,5
determining,3
devastating,3
develop,11
developed,5
developing,9
development,44
developments,47
deviate,1
deviated,1
device,1
devices,1
devise,2
devising,1
devote,1
dewitt,2
dialogue,5
did,19
didn,1
difference,6
differences,5
different,20
differently,1
differing,2
difficult,27
difficulties,1
difficulty,2
digests,1
digital,8
digitalization,2
diligence,1
dime,1
dimensions,1
diminished,1
dinner,3
diploma,1
direct,4
direction,4
directives,1
directly,11
director,1
directors,25
disagreement,1
disagreements,1
disappeared,1
disappointed,1
disappointing,2
disapproving,1
disaster,1
disclosure,3
discount,1
discounted,1
discourage,3
discourse,2
discretely,1
discretion,3
discuss,27
discussed,11
discussing,5
discussion,32
discussions,21
disease,1
diseconomies,1
disinflation,1
disinflationary,2
dislocation,1
dislocations,4
dismiss,2
disparities,5
dispersion,1
displaying,1
disposal,2
disproportionate,1
disproportionately,1
disputes,1
disrupt,2
disrupted,1
disruption,2
disruptions,7
disruptive,3
disseminate,1
disseminating,1
dissolution,1
distance,1
distancing,3
distilling,1
distinctly,1
distinguished,4
distinguishes,2
distortions,2
distracted,1
distress,1
distributed,5
distributions,1
districts,3
divergence,1
diverse,10
diversify,1
diversifying,1
diversity,18
divided,2
dividends,3
divine,1
division,1
dlt,14
document,1
documentary,2
documentation,1
dodd,1
does,24
doesn,1
doing,22
dokko,1
dollar,22
domestic,15
domestically,1
dominant,2
dominated,2
don,4
donna,1
door,1
doors,1
dose,1
dot,13
dots,5
doubled,1
doubt,4
doubtless,1
downgraded,1
downplay,1
downs,2
downside,9
downtown,1
downturn,15
downturns,6
downward,10
doyle,1
dozen,1
dr,4
draft,1
drag,1
dramatic,4
dramatically,1
draw,4
drawing,1
drawn,1
dream,2
dreams,1
drew,1
drift,5
drive,4
driven,10
driver,2
drivers,1
drives,1
driving,7
drop,5
dropped,3
drops,1
dual,16
duca,2
dull,1
duopoly,1
durable,4
dust,1
duties,1
dwarf,1
dwarfed,1
dynamic,9
dynamics,6
dynamism,6
dysfunction,1
déjà,1
earlier,16
early,19
earn,1
earning,2
earnings,2
ease,1
eased,3
easier,8
easing,4
east,5
easy,5
ecb,1
eccles,7
echo,1
economic,199
economically,1
economics,44
economies,49
economist,3
economists,7
economy,250
ecosystem,3
edge,1
edged,1
edging,1
eds,6
edu,1
eduardo,1
educate,1
educated,2
educating,1
education,14
educational,1
educators,2
edward,1
edwin,1
effect,7
effective,34
effectively,10
effectiveness,12
effects,27
efficacy,3
efficiency,9
efficient,10
efficiently,3
effort,11
efforts,36
eggers,1
egon,1
eighth,1
elad,1
elb,12
elected,10
electronic,2
element,3
elements,5
elevated,12
elgar,1
eliminating,1
eluded,1
emanating,1
embark,1
embrace,3
embraced,1
embracing,1
eme,9
emerge,2
emerged,2
emergency,8
emerging,27
emes,7
emmanuel,1
emphasis,2
emphasize,7
emphasized,1
emphasizes,2
emphasizing,1
empirical,2
employed,2
employees,3
employers,7
employment,77
employs,1
empower,1
enable,4
enabled,2
enables,3
enabling,1
enact,1
enacted,2
enactment,1
encounter,1
encourage,15
encouraged,7
encouragement,1
encouraging,7
end,25
endanger,1
ended,2
ending,4
endpoint,1
ends,4
energy,7
enforce,1
enforcing,1
engage,11
engaged,1
engagement,6
engages,2
engaging,1
engine,1
england,1
english,2
enhance,13
enhanced,9
enhancements,1
enhances,2
enhancing,5
enigmatic,1
enjoy,4
enjoyable,1
enlarge,1
enlightening,1
enormous,2
enormously,1
enrich,1
ensue,1
ensure,33
ensured,1
ensures,3
ensuring,8
entail,3
enter,3
entered,2
entering,3
enterprise,1
enterprises,1
enters,1
enthusiasm,1
entire,1
entirely,3
entities,4
entity,1
entrants,2
entreaties,1
entrenched,2
entrepreneurial,1
entrepreneurs,3
entrepreneurship,3
entrusted,2
entry,2
environment,19
environments,1
envisioned,1
episode,5
episodes,8
equal,1
equally,2
equation,1
equilibrium,1
equipment,1
equipped,1
equities,1
equity,6
equivalent,1
era,22
eras,2
erased,1
erik,2
erosion,1
errors,2
escalating,2
escape,2
especially,18
essays,1
essence,1
essential,25
essentially,5
establish,5
established,7
establishing,4
establishments,1
estate,1
esther,1
estimate,10
estimated,1
estimates,27
estimation,1
eternal,1
ethnic,1
ethnicity,1
eugene,1
euro,2
europe,1
european,7
evaluate,2
evaluated,1
evaluates,1
evaluating,3
evaluation,1
evaluations,1
evening,4
evenly,1
event,21
eventful,1
events,33
eventual,1
eventually,4
everyday,1
evidence,12
evident,1
evolution,11
evolve,6
evolved,3
evolves,3
evolving,18
exacerbate,4
exactly,2
exaggerated,1
exam,1
examination,2
examine,1
examined,1
examining,5
example,36
examples,3
exceed,2
excellence,1
excellent,1
exception,2
exceptional,1
exceptions,1
excess,3
excesses,2
excessive,8
excessively,2
exchange,5
exciting,1
excluding,1
exclusively,1
execution,1
executives,1
exercise,7
exercised,1
exercises,3
exhausted,1
exhaustion,1
exhibit,1
exhibited,1
exigent,1
exist,1
existed,2
existence,1
existing,14
exists,2
exit,6
exits,1
expand,2
expanded,7
expanding,2
expansion,50
expansionary,2
expansions,6
expansive,1
expect,30
expectation,5
expectations,74
expected,28
expecting,1
expects,4
expenditure,2
expenditures,6
expensive,1
experience,23
experienced,5
experiences,4
experiencing,2
experiment,1
experimentation,2
experiments,1
expert,3
expertise,4
experts,5
explain,19
explained,5
explaining,3
explains,1
explanation,2
explanations,1
explanatory,1
explicit,5
explicitly,2
explore,5
explored,2
explores,1
exploring,2
export,8
exporters,1
exports,4
exposed,3
exposure,4
exposures,6
express,11
expressed,2
expressing,1
expression,1
extend,5
extended,6
extending,3
extends,1
extensive,5
extent,4
external,5
extraordinarily,1
extraordinary,10
extreme,1
extremely,2
eye,2
eyes,1
fabulous,1
face,45
faced,9
faces,4
facet,1
facets,2
facilitate,3
facilitating,4
facilities,4
facility,2
facing,11
fact,16
factor,13
factors,32
facts,2
fade,1
fading,2
fail,8
failed,4
failing,1
fails,3
failure,10
failures,1
fair,4
fairly,5
fairness,1
faith,1
faithfully,1
fall,18
fallback,2
fallbacks,1
fallen,9
falling,8
fallout,4
falls,2
faltering,1
familiar,1
families,9
family,5
famous,1
famously,1
fan,2
fannie,6
far,42
fare,1
farmed,1
fast,8
faster,31
fastest,1
fate,1
father,1
faust,1
favorable,19
favors,1
fca,4
fdic,1
fdr,1
feasible,3
feature,7
features,8
february,10
fed,126
feded,2
federal,212
federalreserve,1
federalreserveeducation,1
federated,3
feedback,8
feeds,1
feel,6
felix,1
fell,3
fellow,1
felt,9
fernald,2
fhfa,3
field,6
fifth,3
fight,1
figure,5
figures,1
figuring,1
file,1
filings,1
filled,1
filling,1
film,1
final,5
finalize,1
finalized,1
finalizing,1
finally,17
finance,31
financed,1
finances,6
financial,304
financing,5
finding,4
fingerprint,1
fingertips,2
finish,3
finn,1
finra,2
fintech,8
fireplace,1
firm,12
firmer,1
firming,2
firmly,5
firms,55
fiscal,19
fischer,1
fit,2
fits,1
fitting,2
fixed,4
fixes,1
flag,1
flags,1
flagship,1
flat,2
flaws,2
fledged,1
flexibility,3
flexible,4
flight,1
flip,1
flood,1
flow,7
flowing,1
flows,19
fluctuate,1
fluctuated,2
fluctuation,1
fluctuations,4
fluidity,1
focus,37
focused,14
focuses,2
focusing,7
follow,2
followed,2
following,6
follows,1
fomc,109
food,3
foot,1
foothold,1
footing,2
force,49
forced,2
forceful,5
forcefully,2
forces,8
forecast,5
forecaster,1
forecasters,7
forecasting,2
forecasts,12
foreclosures,1
forefront,2
foreign,6
foremost,2
foresaw,1
foreseeable,1
foreshorten,1
forestalled,1
forged,1
forget,2
form,11
formal,1
formality,1
formalized,1
formally,1
formation,4
formations,1
forming,1
forms,5
forthcoming,4
fortitude,1
fortunate,1
fortunately,4
fortune,1
fortunes,2
forum,3
forums,4
forward,52
forwarding,1
forwards,1
foster,10
fostered,1
fostering,4
fought,1
foundation,5
foundational,1
foundations,1
founded,2
founders,1
founding,1
fourth,10
fraction,2
fragile,1
fragment,1
fragmentation,2
fragmented,2
frame,1
framers,1
framework,42
frameworks,3
framing,1
france,2
francisco,1
frank,1
frankel,1
frankfurt,1
franklin,1
fratzscher,3
fraud,1
fraudulent,2
fraught,1
frbny,1
freddie,6
frederic,2
free,2
freed,1
freedom,1
frequent,5
frequently,3
fresh,1
frictions,2
friedman,3
friend,1
frontiers,1
frontline,1
frustration,1
fsb,9
fsoc,4
fueled,2
fueling,2
fuels,1
fulfill,1
fulfilling,2
fulfillment,1
fullest,1
fullscreen,1
fully,13
function,18
functionality,1
functioning,13
functions,8
fund,6
fundamental,14
fundamentally,5
fundamentals,4
funded,2
funding,18
funds,55
furthering,1
future,39
futures,6
fx,4
gained,8
gaining,1
gains,33
galbraith,1
gap,5
gaps,1
garnham,1
gas,1
gasoline,1
gather,4
gathered,2
gathering,1
gatherings,2
gaulier,1
gave,3
gdp,24
gdpnow,1
geert,1
gender,1
gene,1
general,8
generalized,1
generally,23
generate,3
generated,1
generating,1
generation,2
generational,1
generations,5
generators,1
geographic,2
geographical,1
geography,3
geolocation,1
geopolitical,3
germany,1
getting,9
giancarlo,1
giant,1
giants,1
gilchrist,1
giovanni,1
given,32
gives,2
giving,1
glad,2
glass,2
gleaned,1
glick,1
global,93
globalization,2
globe,4
gloss,1
goal,30
goals,37
goes,4
going,8
goldman,1
gone,4
gonzalo,1
good,65
goodfriend,1
goodhart,1
goods,6
gordon,4
gotten,1
gov,1
governance,15
government,33
governments,7
governor,4
governors,13
grade,1
grads,1
gradual,20
gradualism,1
gradually,22
graduate,1
graduated,1
graduates,3
graduating,1
grandparent,1
grandson,1
granite,1
grant,2
granted,5
granular,3
grapple,1
grappled,2
grappling,3
grasp,1
grateful,5
gratitude,2
great,51
greater,28
greatly,4
greenspan,3
greenwood,1
grew,4
grip,2
gripped,1
gripping,1
grocery,1
gross,9
ground,3
group,11
grouped,1
grouping,1
groups,9
grow,13
growing,19
grown,9
growth,216
grudgingly,1
grusky,1
gse,5
gses,14
guarantee,9
guaranteed,2
guard,1
guesses,1
guests,1
guidance,28
guide,7
guided,1
guides,1
guiding,2
guillaume,1
gulf,1
gustavo,1
gut,1
gyohten,1
habit,1
hac,2
half,23
hall,3
hallmark,1
halt,1
hand,3
handbook,2
handful,1
handle,2
hands,2
hangs,1
hanson,1
happen,2
happened,1
happens,1
happy,7
hard,11
harder,3
hardly,1
hardship,4
harm,3
harming,2
harmonised,1
harms,1
harper,1
hatzius,1
haul,1
hausman,1
having,10
hazy,2
hbcu,1
hbcus,1
head,1
headed,1
heading,1
headline,2
headquarters,1
headwinds,4
heal,2
healing,3
health,20
healthier,1
healthy,17
hear,7
heard,13
hearing,10
heart,5
heartened,1
heavily,5
heavy,2
hedge,1
heeding,1
heightened,7
held,25
hell,1
help,61
helped,9
helpful,1
helping,14
helps,8
hendren,2
henry,1
herbert,1
herbst,1
heritage,2
hesitate,1
heuvel,1
hide,1
high,46
higher,42
highest,3
highlight,9
highlighted,3
highlighting,3
highlights,2
highly,22
highs,2
hindered,1
hindsight,1
hints,1
hiring,2
hispanics,1
historic,6
historical,13
historically,9
history,17
hit,3
hitting,2
ho,1
hoerova,1
hogue,1
hold,32
holders,1
holding,17
holdings,6
holds,3
holland,1
holston,2
home,9
homebuyers,1
homeowners,1
homeownership,1
homes,1
hong,1
honor,5
honored,4
honoring,1
hope,17
hoped,1
hopes,1
hoping,1
horacio,1
hornbeck,1
hornbecks,1
hospital,1
hospitality,1
hospitals,2
host,3
hosting,2
hotel,1
hour,4
hourly,1
hours,3
house,2
household,15
households,31
houses,1
housing,36
https,1
huge,4
hugh,1
human,4
hundreds,2
hurt,1
hysteresis,1
hyun,1
iba,3
ice,2
idea,2
ideal,1
ideas,8
identification,2
identified,6
identify,12
identifying,2
identity,3
ignores,1
ii,5
iif,1
illegal,4
illness,1
illusions,1
illustrate,3
illustrated,1
illustrates,1
imagination,1
imagine,2
imbalances,5
imf,5
immaterial,1
immediate,1
immense,3
immigration,1
immoderate,1
impact,2
impair,1
impart,1
impede,2
implement,3
implementation,6
implemented,4
implementing,7
implications,28
implicit,3
implies,4
imply,1
import,4
importance,25
important,125
importantly,5
imports,4
impose,1
imposing,2
imprecise,1
impressive,2
impromptu,1
improve,15
improved,24
improvement,7
improvements,13
improves,2
improving,11
improvised,1
inadequate,2
inappropriately,1
inaugural,1
incapable,1
incentive,1
incentives,8
include,8
included,8
includes,6
including,56
inclusion,2
income,42
incomes,5
incoming,20
incomparably,1
incomplete,2
inconsistency,1
incorporate,3
incorporation,1
increase,30
increased,21
increases,22
increasing,5
increasingly,11
incredibly,3
incurred,2
indebted,1
indefinitely,2
independence,16
independent,4
index,7
indexes,1
indicated,1
indicates,5
indication,1
indicative,1
indicator,1
indicators,8
indirect,3
individual,21
individuals,10
industrial,1
industry,19
inequalities,1
inequality,3
inevitable,1
inevitably,1
infections,1
inference,1
inferences,1
inflation,329
inflationary,1
inflicted,2
influence,5
influenced,5
influencing,1
influx,1
inform,5
information,43
informational,1
informative,2
informed,4
infrastructure,10
infrastructures,6
infusion,1
ingenuity,1
ingredient,1
inherent,1
inherently,1
initial,7
initially,2
initiative,6
initiatives,9
injustice,1
innovate,1
innovation,21
innovations,6
innovative,13
innovators,1
input,4
inputs,3
inscribed,1
insensitive,2
insensitivity,1
inside,2
insider,1
insight,5
insights,5
insist,1
insofar,1
insolvencies,1
insolvent,1
inspire,1
inspired,1
instability,1
instance,2
instant,1
instantly,1
instead,12
institute,5
instituting,1
institution,12
institutional,5
institutionalized,2
institutions,51
insufficient,4
insufficiently,1
insulate,1
insulated,2
insulating,1
insulation,1
insurance,8
insured,1
intangibles,1
integral,1
integrate,2
integrated,2
integrating,1
integration,2
integrity,2
intellect,1
intend,2
intended,4
intends,2
intense,3
intensive,1
intensively,2
intent,1
intention,2
intentions,2
interact,2
interactions,3
interagency,5
interconnected,1
interconnectedness,1
interconnections,1
interdependence,1
interdependencies,2
interdependent,1
interested,2
interesting,5
interests,7
intergenerational,2
intermediaries,5
intermediation,1
internal,5
internalized,1
international,36
internationally,1
internet,4
interoperability,1
interplay,2
interpret,3
interpretation,1
interruptions,1
intertwined,1
intervals,1
intervention,4
interventions,2
interviews,1
intraday,1
introduce,1
introduced,1
introduces,1
introduction,4
invaluable,1
invasive,1
inventories,1
invest,4
investigating,1
investing,2
investment,43
investments,2
investor,2
investors,20
invests,1
invitation,2
invited,2
inviting,8
involve,8
involved,9
involves,1
involving,3
iosco,3
ip,1
isda,2
island,1
isn,1
isolated,1
isolation,1
issuance,4
issue,6
issued,5
issuer,1
issues,56
issuing,2
italian,1
items,1
itta,2
jae,1
jams,1
jan,1
jane,1
janet,2
january,11
japan,3
japanese,1
jeffrey,1
jeopardize,1
jimmy,1
jinill,1
job,70
jobs,36
john,13
johnson,1
join,5
joined,3
joining,2
joint,1
jointly,1
jon,9
jonathan,3
jordà,1
jorgenson,1
joshua,1
journal,35
journalists,1
jpmc,5
juan,1
judge,5
judged,4
judgement,1
judges,1
judging,2
judgment,4
judgments,6
julio,1
july,8
juncture,2
june,13
juneteenth,1
jurisdictions,5
just,38
justice,1
justify,2
kamalesh,1
kansas,3
karen,1
katherine,1
kathryn,2
kaufmann,1
keel,1
keenly,2
keeping,5
kenneth,2
kept,3
kevin,1
key,28
keynote,2
keys,2
kick,1
kiley,1
kim,2
kind,10
kinds,3
king,1
kingdom,5
kline,1
knew,2
know,32
knowledge,7
known,12
koepke,1
kong,1
korea,1
korean,1
kued,1
kurt,1
kydland,1
la,1
label,1
labonte,1
labor,115
lack,4
ladder,1
laeven,1
lag,3
laggard,1
lags,2
laid,1
lake,1
lampkin,1
land,2
landmark,1
landscape,4
language,5
lapse,1
large,37
largely,7
larger,13
largest,24
lars,1
lasting,4
lastra,2
late,14
lately,1
later,13
latest,2
latin,1
laubach,3
launch,1
launched,4
launching,1
laundering,2
laura,1
law,9
lawrence,1
laws,6
lay,5
layers,1
laying,2
layoff,1
layoffs,4
lays,1
lead,19
leader,3
leaders,7
leadership,7
leading,4
leaning,1
learn,4
learned,7
learning,1
leave,8
leaves,5
leaving,6
led,21
ledger,4
ledgers,1
left,11
legacy,2
legal,10
legions,1
legislation,1
legislative,1
legitimacy,4
lehman,1
leisure,1
lender,1
lenders,7
lending,19
lends,1
lengths,2
lengthy,2
lent,1
lessened,1
lessens,1
lessons,20
let,24
level,58
levels,45
leverage,19
leveraged,7
levin,1
liabilities,8
liability,1
liaisons,1
liang,1
libor,51
lies,1
lieu,1
life,9
lifetime,1
lift,1
lifting,1
light,10
lighten,1
lightly,1
like,55
likelihood,3
likely,61
likewise,1
limbo,1
limit,8
limitations,1
limited,8
limiting,1
limits,2
lincoln,1
line,9
lines,7
link,1
linked,1
links,3
lions,1
liquid,7
liquidate,1
liquidating,1
liquidation,1
liquidity,58
list,1
listed,1
listen,4
listened,1
listening,3
listens,18
lists,1
literacy,1
literature,2
little,9
live,11
livelihoods,3
lives,16
living,13
ll,5
lo,2
loads,2
loan,12
loans,8
local,28
located,2
location,4
locations,1
log,1
logins,1
londono,1
long,95
longer,69
longest,8
longtime,1
look,40
looked,3
looking,18
looks,2
loomed,1
looms,1
loop,1
loosen,1
lordstown,1
los,2
lose,4
losing,1
loss,11
losses,12
lost,9
lot,6
loud,3
louis,2
loved,1
lovely,1
low,134
lower,74
lowered,3
lowering,2
lowest,5
lows,9
luc,1
luck,1
lukasz,1
lunsford,1
luxury,1
lyft,1
lópez,2
mac,2
machinery,1
macmillan,1
macroeconomic,21
macroeconomics,4
macroprudential,1
mae,2
magnificent,1
mahogany,1
main,13
mainly,14
maintain,8
maintained,2
maintaining,4
maintains,1
major,16
majority,2
make,62
makes,3
makeup,2
making,16
male,1
malia,1
manage,9
manageable,1
managed,1
management,37
managers,2
managing,11
mandate,30
mandated,2
mandates,3
mandating,1
manduca,1
manifestation,1
manifestly,1
manipulate,2
manipulation,3
manner,6
manufacturing,10
marble,1
marc,1
marcel,3
march,20
marco,2
margin,9
marginal,1
margined,1
margins,1
maria,1
marianne,2
marie,1
marked,2
markedly,1
market,225
marketable,1
marketplace,1
markets,86
marks,2
marriner,11
marry,1
marvin,1
mary,2
mask,2
masks,2
mass,5
massive,2
match,1
matching,1
material,3
materializing,1
materially,4
mathieu,1
matter,3
matters,7
matured,1
maturity,4
maximilian,1
maximizes,1
maximum,40
mbs,5
mdi,5
mdis,8
meal,1
mean,11
meaning,3
meaningful,4
meaningfully,2
means,15
meant,2
meantime,2
measurable,1
measure,12
measured,8
measurement,4
measures,46
measuring,4
meat,1
mechanics,1
mechanism,2
media,1
median,6
medical,4
medium,3
meet,33
meeting,37
meetings,16
meets,3
mellon,2
member,10
members,31
membership,1
memorial,1
memories,2
memory,1
men,4
mention,3
mentioned,9
menu,2
merely,1
merged,1
mergers,1
mericle,1
message,1
messages,1
messier,1
messy,1
mester,1
met,3
metaphor,1
method,2
methodology,1
methods,3
mian,1
michael,6
mid,12
middle,11
midsize,1
midst,2
military,1
millennium,1
million,16
millions,2
milton,1
min,1
mind,10
mindful,3
minds,3
minimize,4
minimizing,1
minor,2
minorities,3
minority,5
minutes,8
miracle,3
misconduct,1
mishkin,2
misses,2
mission,10
mississippi,4
missouri,1
mistaken,1
mistakes,2
mitigate,3
mitigating,2
mix,2
mixed,6
mixture,1
mobile,4
mobility,4
mobilize,1
model,10
modeled,1
models,5
moderate,25
moderated,3
moderately,4
moderating,1
moderation,2
modern,7
modernization,1
modest,1
modestly,1
moment,6
momentum,6
monetary,216
money,32
monitor,10
monitoring,22
month,15
monthly,4
months,14
monumental,1
moreno,1
morgan,1
moritz,2
morning,10
mortgage,21
mortgages,6
mortgaging,1
motivate,1
motivating,1
motivations,1
mount,1
mountain,1
mounting,1
moved,22
movement,2
movements,2
moves,7
moving,27
multilateral,1
multiple,8
mun,1
musical,2
mute,1
muted,7
mutual,3
mutualization,1
mutualized,1
mutually,2
mvsu,8
myriad,3
nabe,2
named,1
narang,1
narrative,1
narrow,2
narrowed,1
narrower,1
nascent,1
nathaniel,2
nation,15
national,20
nations,2
nationwide,1
natural,29
naturally,1
nature,9
nautical,1
navigate,2
navigating,3
navigational,1
nber,7
ncrc,4
near,63
nearby,1
nearer,1
nearly,11
necessarily,3
necessary,14
necessity,1
need,78
needed,21
needing,1
needless,1
needlessly,3
needs,17
negative,4
negatively,1
negotiate,1
negotiation,2
negotiations,2
neighborhood,2
neighborhoods,3
neighbors,3
nellie,1
nephew,1
nessén,2
net,3
netting,3
network,4
networking,1
networks,4
neural,1
neutral,21
new,144
newly,1
news,8
nice,1
night,2
ninety,1
nobuaki,1
noisy,1
nominal,4
nominated,1
non,5
nonacademic,1
nonbank,1
nonetheless,6
nonfinancial,2
nonmonetary,3
nonpayment,1
nonprofit,3
norm,1
normal,29
normalization,25
normalize,2
normalized,3
normalizes,1
normalizing,4
normally,1
norms,1
north,2
northampton,1
notable,5
notably,4
note,10
noted,4
notes,3
notice,2
notional,1
novel,3
november,8
novo,1
nuanced,2
nudging,1
number,32
numbers,4
numerical,4
numerous,1
objective,53
objectives,20
obligation,10
obligations,11
obscured,1
observation,3
observations,2
observe,2
observed,4
observer,1
observers,5
obsolete,1
obtain,2
obvious,2
obviously,2
occasion,3
occasional,1
occasionally,2
occupation,1
occur,7
occurred,2
occurring,1
october,13
odd,2
offer,12
offered,4
offering,3
offerings,1
offers,1
office,7
officer,1
offices,1
official,7
officials,4
offs,2
offset,6
offsetting,1
oil,18
ois,1
okun,2
old,8
older,1
olivier,1
omits,1
ones,3
ongoing,29
online,5
onset,1
opaque,1
opaquely,1
open,35
opened,3
opening,1
openings,1
operate,4
operated,1
operates,1
operating,8
operation,1
operational,2
operations,10
operator,1
opinion,1
opinions,1
opportunities,21
opportunity,24
opposing,3
optimal,2
optimism,1
optimistic,1
optimists,1
optimum,1
option,1
options,3
oranges,1
order,13
orderly,2
org,1
organic,1
organization,4
organizational,1
organizations,18
organize,1
organized,3
organizers,2
organizing,2
orientation,1
original,1
originated,1
orphanides,2
ought,1
outbreaks,1
outcome,5
outcomes,12
outdated,2
outflows,1
outgrow,1
outlaw,1
outline,1
outlined,2
outlook,73
output,30
outreach,5
outright,1
outrun,1
outset,2
outside,16
outsize,1
outsized,4
outstanding,1
overall,29
overarching,2
overborrowed,1
overcome,2
overconfidence,1
overdoing,1
overdramatize,1
overheating,6
overly,2
overnight,3
overreact,1
oversee,2
overseeing,2
overshooting,1
oversight,13
overstate,2
overwhelming,2
overwhelmingly,1
owed,2
owing,3
owner,1
owners,1
ownership,1
oxford,1
pace,33
paced,1
package,1
packaged,1
page,1
pages,1
paid,7
pain,2
painful,6
painfully,1
pairing,1
pandemic,16
pandl,1
panel,6
panels,8
panic,1
panizza,1
paper,17
papers,5
paperwork,1
paradigm,2
paradox,1
paragraphs,1
parallels,1
parameters,1
paramount,1
paraphrase,1
parent,1
parents,1
paris,1
parker,2
parsimoniously,1
participant,3
participants,55
participate,3
participating,7
participation,22
particular,30
particularly,33
parties,2
partisan,1
partly,5
partnering,2
partners,5
partnership,3
partnerships,2
parts,8
party,2
pashtan,1
pass,3
passage,3
passed,8
passing,2
passwords,1
past,57
patch,1
path,46
paths,1
patience,3
patient,8
patrick,1
pattern,3
patterns,3
paul,1
pause,3
pay,6
paycheck,1
paying,3
payment,41
payments,87
payroll,2
payrolls,2
pce,4
pdf,1
peak,7
peaks,1
pedemonte,1
peg,2
penciled,1
pending,2
people,66
peoples,1
perceive,1
perceived,1
percent,204
percentage,13
perceptions,1
perfect,3
perform,8
performance,11
performed,4
performing,6
performs,1
period,33
periodic,3
periods,10
permanent,4
permanently,1
permission,1
permit,1
persian,1
persist,4
persisted,2
persistence,1
persistent,6
persistently,5
persists,2
person,4
personal,7
perspective,13
perspectives,18
persuaded,1
pervasive,1
perverse,1
pessimists,1
peter,2
peterson,2
pfmi,8
phase,2
phases,1
phelps,1
phenomenon,3
phillips,12
phone,2
phrase,1
physical,1
pick,2
picked,1
pickup,1
picture,17
pictures,1
pieces,1
pilar,1
pillars,1
pin,1
pinned,1
pivotal,1
place,20
placed,1
places,4
plan,18
planned,1
planning,12
plans,22
plaque,1
platform,4
platforms,1
plausible,3
play,10
played,3
players,2
playing,5
plays,6
pleased,4
pleasure,9
plentiful,3
plenty,1
plot,12
plummeting,1
plunged,1
pockets,1
point,23
pointed,1
pointing,1
points,12
policies,49
policy,350
policymaker,1
policymakers,25
policymaking,11
polished,1
political,12
politics,2
pools,1
poor,2
pop,1
population,16
populism,1
portfolio,4
portfolios,3
portion,3
portrait,1
pose,15
posed,3
posen,1
poses,3
posing,1
position,7
positioned,4
positions,4
positive,4
possibility,7
possible,29
post,20
posting,1
postmeeting,3
postwar,1
potatoes,1
potential,46
potentially,4
pound,1
poverty,6
powell,1
power,7
powerful,4
powers,15
pp,61
practical,5
practice,11
practices,21
practitioners,1
pre,22
prearranged,1
precautionary,1
preceded,2
precedent,2
precedents,1
precious,2
precipitating,1
precise,3
predecessor,1
predecessors,2
predict,6
predictability,2
predictable,3
predictably,2
predicted,2
predicting,3
predictions,1
predictor,1
preemptively,1
preface,1
preference,1
preferred,1
preliminary,1
prema,1
premature,1
premiere,1
premiums,1
prepaid,2
prepare,3
prepared,4
prepares,1
preparing,1
preschool,1
prescott,1
prescriptive,1
presence,2
present,19
presentations,1
presented,9
presenting,2
presents,8
preserve,2
preserves,2
preserving,5
preset,4
president,2
presidents,5
press,12
pressure,11
pressures,21
presume,1
prevail,1
prevailed,1
prevalence,1
prevent,6
preventative,1
preventing,1
prevention,1
preview,4
previewed,1
previous,5
previously,4
price,46
priced,1
priceless,1
prices,38
primarily,4
primary,7
prime,8
princeton,7
principal,5
principally,2
principle,6
principles,10
print,1
prior,5
priority,2
privacy,6
private,31
privilege,1
proactively,1
probability,1
probably,4
probing,1
problem,8
problems,10
procedures,1
proceeded,1
proceeding,1
proceedings,3
proceeds,2
process,33
processes,10
processing,2
produce,6
produced,2
product,9
production,6
productive,10
productivity,69
products,16
profession,3
professional,1
professionals,1
profile,1
profit,3
profitability,1
profitable,2
profitably,1
profits,1
profound,3
program,10
programs,9
progress,32
progressed,3
progressively,1
projected,2
projection,3
projections,11
projects,1
proliferation,2
prolong,1
prolonged,3
prominence,1
prominent,5
promise,1
promising,4
promote,23
promoted,2
promoters,1
promotes,3
promoting,10
promotion,1
prompt,2
prompted,1
promptly,1
pronounced,3
proof,1
proofs,1
propagate,1
propel,1
proper,1
properly,3
properties,2
property,2
proportional,1
proposal,5
proposals,13
proposed,5
pros,1
prosecuting,1
prospect,1
prospective,1
prospects,14
prosper,2
prosperity,8
prosperous,1
protect,5
protected,1
protection,3
protectionism,1
protections,3
protects,1
protocols,1
proud,1
prove,6
proved,3
proven,3
proves,1
provide,31
provided,14
provider,3
providers,7
provides,12
providing,13
province,3
proving,1
provision,1
provisions,2
provocatively,1
proximate,1
proximity,3
prudent,2
prudential,4
prudently,2
public,107
publication,4
publicly,6
publish,5
published,5
publishing,4
pull,5
pullback,1
pulled,1
pulling,1
purchase,2
purchased,2
purchases,5
purpose,5
purposes,3
pursue,5
pursued,2
pursuing,6
pursuit,5
push,7
pushed,1
pushing,3
puts,1
putting,3
q4,3
qe,1
qualified,1
qualify,1
qualifying,1
qualitative,1
qualitatively,1
quality,10
quantitative,4
quantities,2
quantity,2
quarter,13
quarterly,6
quarters,5
quasi,1
question,34
questioned,1
questions,30
quick,1
quickly,15
quite,15
quitman,1
quitting,1
quo,3
quotes,1
race,3
rachel,1
racial,2
radar,1
raged,1
rails,1
rainbolt,1
raise,14
raised,12
raises,5
raising,16
raj,2
rally,1
ramon,1
ramp,1
ran,1
randy,2
range,62
ranges,3
ranging,3
ranks,1
rao,1
rapid,11
rapidly,10
rare,4
rarely,1
rate,174
rated,1
rates,117
rating,1
ratio,8
ratios,2
ravaged,1
ravages,1
reach,3
reached,11
reaching,6
react,2
reacted,2
reaction,2
reactions,1
read,2
readers,3
readings,4
ready,2
reaffirmed,2
real,41
realistic,2
realities,3
reality,3
realized,4
realizing,1
really,2
reams,1
reason,17
reasonable,4
reasonably,11
reasons,6
reassess,1
reassessing,2
reassessment,2
rebalancing,2
rebirth,1
rebound,3
rebounding,1
rebuild,1
rebuilding,1
recalibation,1
recall,1
receive,5
received,3
receiving,1
recent,68
recently,17
recession,24
recessionary,2
recessions,5
recipient,3
recipients,2
reckoning,1
recognition,1
recognize,14
recognized,4
recognizes,3
recommendations,7
recommended,1
reconciliation,1
reconsider,1
reconsidered,1
record,7
recorded,1
records,5
recover,1
recovered,5
recoveries,5
recovering,2
recovery,48
red,3
redesign,1
redrawing,1
reduce,21
reduced,7
reduces,3
reducing,13
reduction,4
reductions,1
reed,1
reemerged,1
refer,2
reference,10
references,6
referencesbrynjolfsson,1
referendum,4
referred,2
referring,1
refers,1
refine,1
refined,1
refining,1
reflect,13
reflected,2
reflecting,2
reflection,1
reflects,8
reform,21
reforming,1
reforms,21
refugee,1
regained,1
regard,4
regarding,13
regardless,1
regime,3
region,9
regional,6
regions,2
register,1
regression,1
regret,1
regrettable,1
regular,4
regularly,7
regulate,1
regulated,4
regulates,2
regulating,1
regulation,29
regulations,16
regulator,2
regulators,19
regulatory,35
rehabilitation,1
reichgott,1
reifschneider,4
reigning,1
reinforce,3
reinforcing,1
reinvents,1
reinvestment,5
rejoin,1
relate,1
related,14
relating,1
relations,2
relationship,11
relationships,1
relative,10
relatively,11
relax,1
relaxing,1
released,2
relevance,3
relevant,6
reliability,1
reliable,6
reliably,1
reliance,3
reliant,1
relied,2
relief,7
rely,9
relying,1
remain,50
remained,9
remaining,12
remains,15
remarkable,2
remarkably,1
remarks,12
remember,2
remembering,3
remind,1
reminded,1
reminder,1
remiss,1
remit,2
remote,1
remove,1
removing,5
render,1
renewed,4
rents,1
reopen,1
reopening,1
reorganized,1
repaid,1
repay,1
repeatedly,2
repeating,1
replicate,1
repo,5
report,20
reported,3
reporting,3
reports,9
represent,8
representation,2
representatives,12
represented,2
representing,2
represents,7
repurchase,6
repurpose,1
reputation,1
request,1
requests,1
require,13
required,11
requirement,3
requirements,14
requires,10
requiring,1
rerun,1
rescues,1
research,43
researchers,5
reservations,1
reserve,170
reserved,1
reserves,9
residential,1
residents,2
resilience,8
resiliency,4
resilient,8
resist,1
resistant,1
resolutely,1
resolution,13
resolvability,1
resolvable,2
resolve,3
resolved,1
resorted,1
resource,3
resources,21
respectable,1
respected,1
respective,1
respects,1
respond,12
responded,1
responders,1
responding,3
response,25
responses,4
responsibilities,14
responsibility,9
responsible,4
responsive,3
rest,4
rested,1
resting,1
restore,3
restructure,1
restructuring,1
rests,1
result,22
resulted,2
resulting,5
results,7
resume,1
resumed,1
resumption,1
resurgence,1
retail,12
retained,1
retains,1
rethinking,4
retire,1
retirees,1
retirement,4
retrospect,1
retrospective,1
return,27
returned,2
returning,7
returns,4
reuters,1
reuven,1
reveal,1
revealed,3
revealing,1
revenge,1
revenue,2
reversal,1
reverse,6
revert,1
review,70
reviewing,3
reviews,5
revise,1
revised,3
revision,8
revisions,6
revisited,2
revitalize,1
revival,1
revolution,2
rhode,1
richer,1
ride,1
right,16
rightfully,1
rights,2
rigorous,4
rigorously,1
riksbank,2
rise,25
risen,3
rises,2
rising,24
risk,134
riskier,2
riskiest,1
risking,3
risks,136
risky,7
road,4
roadmap,2
robert,8
robin,2
robust,21
rochester,1
rock,1
rockoff,1
roiled,1
roland,1
role,42
roles,4
rolf,1
romer,3
room,12
roosevelt,2
rosa,2
rose,2
rotemberg,1
rough,1
roughly,18
round,1
rounds,1
roundtable,2
routine,2
routinely,2
rue,1
rule,5
rulebook,1
rulemaking,1
rules,12
run,59
runaway,1
runnable,2
running,19
runoff,2
runs,5
rural,20
russia,2
russian,1
s1,1
s59,2
s75,1
sa,2
sachs,1
sacrifices,1
sacrificing,1
saez,1
safe,18
safeguard,3
safeguards,1
safely,8
safer,6
safety,20
said,15
sake,1
sakes,1
sale,2
salido,2
salience,1
salient,1
salomon,1
salt,1
sample,1
samples,1
samuel,1
san,1
sandie,4
sanitation,1
sapriza,1
sat,2
satisfied,1
satisfy,1
save,2
savers,1
saving,6
savings,3
saw,9
say,26
saying,6
says,2
scalability,1
scale,9
scaling,1
scan,1
scandal,1
scandinavian,1
scarcer,1
scenario,1
scenarios,4
scenes,1
scholarly,1
scholars,2
scholarship,1
school,6
schools,5
schularick,2
science,2
sciences,1
scope,10
scott,1
scrape,1
screen,2
scrutiny,5
seamlessly,3
search,2
searching,1
seat,1
seats,1
sec,3
second,39
secondary,2
secrecy,1
secretary,3
section,1
sector,45
sectors,11
secular,2
secure,15
secured,1
securities,37
securitization,9
securitizations,1
security,23
seeds,1
seeing,1
seek,16
seeking,7
seeks,3
seen,24
sees,2
segment,1
segments,3
seizing,2
seldom,1
select,1
selected,1
self,2
sell,2
semi,1
semiannual,1
senate,1
senator,1
send,2
sending,1
sends,1
senior,4
sense,7
sensitive,4
sensitivity,2
sent,1
sentiment,6
sep,7
separated,1
seps,1
september,13
series,9
seriously,11
serve,22
served,11
serves,3
service,15
services,33
serving,3
seskin,1
session,3
sessions,5
set,24
sets,4
setting,13
settings,2
settled,4
settlement,12
settling,1
seven,5
seventy,1
severe,17
severely,3
severity,2
shaded,1
shaghil,3
shane,1
shaped,4
shapes,1
shaping,3
share,19
shared,9
shareholders,1
shares,2
sharing,4
sharp,5
sharper,1
sharpest,1
sharply,5
shed,2
sheet,29
sheets,5
shelter,1
shepherd,1
sherlund,1
shift,6
shifted,3
shifting,3
shifts,4
shin,1
shined,1
shipping,1
shoals,1
shock,3
shocks,8
shores,1
short,26
shortcomings,2
shortening,3
shorter,1
shortfall,7
shortly,2
shoulder,1
showed,6
showing,1
shown,7
shows,5
shrink,4
shrinks,1
shrouded,1
shut,2
shutdowns,1
shuttered,1
sib,2
sibs,1
sick,1
sided,1
sides,2
sideways,1
sign,3
signal,1
signaled,1
signals,2
significant,39
significantly,22
signs,7
sim,1
similar,14
similarities,1
similarly,3
simon,1
simple,6
simpler,1
simplification,1
simplifies,1
simplify,3
simply,9
simultaneously,3
single,4
singly,1
sink,1
sir,1
sit,2
site,1
sits,1
situation,8
sivs,1
sizable,1
size,32
sized,2
sizes,3
skander,1
skeptical,1
skilled,2
skills,13
skip,1
slack,12
slashed,1
sleepy,1
slid,1
slide,1
slightly,4
slipped,1
slipping,2
slog,1
slow,18
slowdown,18
slowed,9
slower,20
slowing,4
slowly,15
slows,1
slr,2
sluggishness,1
slump,1
small,20
smaller,6
smallest,6
smart,1
smarter,1
smith,1
smooth,4
smoothly,2
snapshots,1
snowballing,1
soared,1
social,8
societal,3
society,8
sofr,2
soft,2
softer,1
softness,2
software,1
sold,2
sole,3
soledad,1
solicit,1
soliciting,1
solid,15
solidly,2
solow,1
solution,1
solutions,6
solve,1
solvency,1
solvent,1
somewhat,12
song,1
soon,11
sophisticated,1
sorry,1
sort,3
sorted,1
sought,2
sound,10
sounder,1
soundly,1
soundness,7
source,9
sources,6
south,1
southern,1
space,1
spans,2
spark,1
sparking,1
speak,23
speaker,2
speakers,1
speaking,1
special,10
specific,9
specifically,3
specifics,1
specified,1
specifying,1
speculation,1
speech,5
speeches,1
speed,12
speeding,1
spells,1
spencer,2
spend,6
spending,18
spike,1
spiked,3
spillovers,2
spiral,1
spiraling,1
spirit,1
spite,1
splintering,1
spoke,1
sponsored,2
spot,3
spotlight,1
spread,13
spreading,3
spreads,3
spreadsheet,1
spring,6
spur,1
square,1
squares,1
squeezed,1
st,2
stability,106
stabilize,2
stabilizing,1
stable,27
stack,1
staff,15
staffed,1
stage,4
stages,5
stakeholder,2
stakeholders,14
stalled,1
stalls,1
stance,18
stand,6
standard,14
standardization,2
standardized,2
standards,21
standing,5
standpoint,3
stands,3
stanford,1
stanley,1
stark,3
stars,7
start,14
started,2
starting,2
starts,1
state,29
stated,3
statement,26
statements,1
states,36
statisticians,1
statistics,4
stature,2
status,8
statutory,7
stay,8
staying,3
steadfast,1
steadfastly,1
steadily,12
steady,9
stefania,1
stein,1
steingress,1
stem,1
stemmed,1
step,13
stephanie,1
stepped,1
steps,8
sticking,1
stifle,1
stimulate,3
stimulating,1
stimulative,3
stimulus,4
stiroh,1
stitch,1
stock,4
stop,2
stopped,1
stops,2
store,3
stores,1
stories,2
storm,1
story,7
straightforward,1
strain,1
strains,4
strategic,3
strategies,12
strategy,25
straub,1
stream,1
streamed,4
streamlined,2
streamlining,1
street,3
strength,18
strengthen,13
strengthened,8
strengthening,4
strengthens,1
strengths,1
stress,40
stresses,2
stretch,1
stretching,1
strike,1
stripped,1
strive,8
striving,1
strong,105
stronger,26
strongly,11
struck,2
structural,16
structure,30
structured,3
structures,5
structuring,1
struggle,5
struggled,7
struggles,2
struggling,4
struyven,1
stubbornly,3
students,12
studies,2
study,4
studying,2
stuffiness,1
stuffy,2
style,2
suarez,1
subject,14
submission,1
submissions,7
submit,5
submitted,3
submitting,3
subpar,1
subprime,3
subsequent,3
subsided,1
substantial,11
substantially,11
subtleties,1
succeed,5
success,10
successful,9
successfully,1
sudden,5
suffer,2
suffered,1
suffering,4
suffers,1
suffice,1
sufficiency,1
sufficient,4
sufficiently,1
sufi,1
suggest,10
suggested,3
suggesting,2
suggestion,1
suggestions,2
suggests,8
suit,1
suitable,1
suite,1
sum,4
summarize,3
summarized,2
summary,7
summer,2
summers,1
sums,1
super,1
supervise,1
supervised,1
supervises,1
supervising,1
supervision,14
supervisors,6
supervisory,22
supplement,1
supplementary,3
supplemented,1
suppliers,1
supply,14
support,102
supported,16
supporting,17
supportive,2
supports,1
suppress,1
surcharge,2
sure,6
surface,1
surge,2
surpassed,2
surplus,1
surprise,5
surprises,2
surprising,2
surprisingly,1
surrounding,2
surrounds,1
survey,7
surveys,6
survive,4
susceptible,1
suspended,1
sustain,21
sustainable,9
sustainably,4
sustained,14
sustaining,3
svea,1
svensson,1
swap,4
swaps,3
swept,1
swift,1
swing,1
swings,3
symbolically,1
symmetric,18
symmetrically,3
symposium,3
symposiums,1
syndicated,1
systematic,1
systematically,2
systemic,10
systemically,7
systems,20
systemwide,1
syverson,1
söderström,1
tab,1
table,6
tables,1
tactical,1
tail,1
tailor,1
tailored,2
takeaway,2
taken,12
takers,1
takes,5
taking,24
talent,1
talents,1
talk,7
talking,4
tame,1
tami,1
tamper,1
tangible,1
tantrum,2
tantrums,1
taper,3
target,36
targeted,2
targeting,8
targets,2
tariffs,1
task,26
tasked,1
tasks,3
taught,1
tavella,1
tax,3
taxation,2
taxonomy,1
taxpayer,4
taxpayers,4
taylor,4
teach,2
teachers,6
teaches,3
teaching,1
team,3
technical,7
technological,12
technologies,5
technology,36
television,1
tell,4
telling,3
tells,1
temporarily,3
temporary,8
temptations,1
tempted,1
tend,7
tends,1
tensions,3
tentative,2
tenths,1
tenure,1
terabytes,2
term,94
terms,5
territory,1
terrorist,1
test,1
testament,1
tested,1
testifies,1
testifying,1
testing,12
tests,12
tetlow,2
tew,1
text,1
tfp,8
thakkar,1
thank,45
thankfully,1
thanking,1
thanks,5
theft,1
theme,1
themes,2
theoretical,2
theory,3
therapies,1
thing,4
things,16
think,14
thinking,16
thirds,2
thirty,1
thomas,4
thorough,4
thought,13
thoughtful,2
thoughts,5
thousands,1
threat,5
threaten,3
threatening,1
threatens,1
threats,5
threshold,1
thresholds,1
thrifts,1
thrive,2
tide,1
tied,2
tight,6
tighten,5
tightened,1
tightening,11
tightens,4
tightly,1
tightness,3
tilt,1
tim,3
time,160
timeline,2
timely,5
times,28
timing,6
tips,3
title,1
tmpg,13
tobias,1
today,119
toggles,3
told,2
toll,2
tomorrow,3
tonight,12
took,6
tool,6
toolkit,4
tools,61
topic,10
topics,5
total,10
touch,3
touched,1
tougher,1
tourism,1
tourists,2
town,5
towns,2
toyoo,1
trace,1
track,5
tracking,1
trade,48
traded,3
tradeoff,1
tradeoffs,3
trades,1
trading,10
tradition,3
traditional,10
traditionally,1
traffic,1
tragedy,1
tragic,3
train,2
trained,1
training,4
trajectory,1
transaction,6
transactional,1
transactions,21
transcripts,1
transfer,12
transferred,2
transferring,2
transfers,1
transform,1
transformation,2
transforming,1
transition,18
transitioning,1
transitions,1
transitory,3
translate,2
transmission,3
transmit,1
transparency,34
transparent,10
transparently,4
transportation,1
trauma,1
treasuries,4
treasury,39
treated,2
treats,2
trend,8
trended,2
trending,3
trends,6
treye,1
trials,1
triangles,1
tribute,1
tried,1
trigger,5
triggered,4
triggers,1
trillion,5
triparty,2
triple,1
troubling,3
trough,1
troy,1
truckloads,1
trucks,1
true,9
truly,6
trust,11
trusted,1
truth,3
try,1
trying,2
tumultuous,1
turbulence,3
turbulent,2
turmoil,2
turn,37
turned,3
turning,6
turnover,1
turns,1
twice,3
type,3
types,4
typical,3
typically,5
uber,1
ubiquitous,3
ubiquity,2
ugo,1
uk,1
ulf,1
ultimate,3
ultimately,14
unable,3
unacceptable,1
unanimous,2
unanticipated,1
unbanked,1
uncertain,14
uncertainties,9
uncertainty,32
unchanged,2
unclear,1
uncomfortable,1
unconventional,6
uncovered,1
undergoing,1
underlies,1
underlying,11
undermine,3
undermined,1
undermining,1
underpins,1
underscored,1
underscores,1
underserved,5
undershoot,1
understand,25
understandably,3
understanding,28
understatement,1
understood,4
undertake,3
undertaken,2
undertaking,4
undervalues,1
underway,2
underwriting,3
undoubtedly,2
undue,1
unduly,2
unemployed,2
unemployment,92
uneven,1
uneventful,1
unexpected,3
unexpectedly,3
unfamiliar,1
unforeseen,1
unfortunately,2
unhappy,1
unhealthy,2
unicorns,1
uninsured,1
unintended,1
union,6
unions,1
unique,12
uniquely,1
united,40
universality,1
university,10
unknowable,1
unknowns,1
unlearned,1
unless,1
unlike,1
unlikely,2
unnecessarily,3
unnecessary,7
unpack,1
unprecedented,7
unprecedentedly,1
unrelated,1
unresolved,2
unsecured,2
unshaded,1
unstable,2
unsustainable,5
unsustainably,1
untested,1
untried,1
unusual,4
unwanted,2
unwelcome,3
unwilling,1
unwise,1
unwound,1
upcoming,1
update,1
updating,1
upending,1
upgrade,1
upgrades,2
upgrading,1
upheaval,2
uphold,1
uploads,1
upper,1
ups,2
upside,3
uptick,1
upward,10
urban,2
urged,1
urgency,1
urgent,2
usage,1
use,40
used,12
useful,15
user,1
users,7
uses,4
using,19
usual,4
utah,2
utahns,1
utility,1
utilization,4
utterly,1
v2,1
vacancies,3
vaccinations,1
vaccine,1
valentina,1
valley,1
valuable,13
valuation,2
valuations,4
value,15
valued,1
values,12
van,1
vanish,1
variable,1
variables,2
variant,1
variation,3
varied,1
varies,1
variety,8
various,7
vary,1
vastly,1
ve,4
vehicle,2
vehicles,4
venezuela,2
verify,1
version,1
versions,1
versus,6
vestin,2
vetting,1
viability,2
viable,3
vibrant,1
vice,3
video,2
view,36
viewed,4
viewpoints,3
views,40
vigilance,3
vigilant,1
vigorous,2
vigorously,1
virtues,1
virtuous,2
virus,12
visible,1
vision,3
visit,2
vital,8
vitally,2
vocation,1
vocational,1
vocations,1
voices,2
vol,57
volatile,6
volatility,8
volcker,5
volume,3
voluntarily,1
voluntary,2
volunteers,1
vote,6
votes,1
voting,2
vu,1
vulnerabilities,19
vulnerability,7
vulnerable,4
wage,7
wages,12
wait,3
waiting,1
wake,5
walks,1
wall,3
walter,1
waning,1
want,32
wanting,1
war,17
warehouses,1
warning,1
warrant,2
warranted,2
wascher,2
washington,16
wasn,1
waste,1
watch,3
watching,4
watershed,1
wave,3
way,52
ways,37
weak,15
weaken,1
weakened,8
weakening,1
weakens,2
weaker,7
weakest,1
weakness,9
weaknesses,4
wealth,6
wearing,1
weather,2
weathered,1
webel,1
weber,1
websites,1
week,6
weeks,4
wei,1
weigh,1
weighed,6
weighing,3
weighted,1
welcome,13
welcomed,1
welcoming,1
went,1
west,2
wheatley,1
wholesale,2
wide,15
widely,8
widening,1
wider,3
widespread,8
wield,1
wilcox,2
wiley,1
william,5
williams,11
willing,3
wills,1
wilson,1
window,1
winners,1
winter,1
wiped,1
wisdom,1
wise,2
wisely,1
withdraw,1
withdrawn,2
withstand,1
wolman,2
women,6
won,2
wongswan,1
woodford,3
woods,3
word,1
words,4
work,79
workable,1
worked,9
workers,26
workforce,14
working,57
workings,1
workplace,2
works,7
world,67
worldwide,3
worrisome,2
worry,2
worrying,1
worse,3
worth,4
worthwhile,1
worthy,1
wp,1
wrap,5
wrapping,2
wrenching,1
write,5
wrong,6
www,2
yamashita,1
year,85
years,104
yellen,4
yellow,1
yes,1
yesterday,3
yield,5
yields,2
york,14
yorkers,2
young,2
youngstown,2
zach,1
zag,1
zakrajšek,1
zero,16
zigged,1
zignago,1
zlate,2
zones,1
òscar,1
